id,subreddit,cluster
1oajrjf,technology,1
1oahv0y,technology,1
1oahnu9,technology,1
1oaed0r,technology,1
1oae9qt,technology,1
1oae3qa,technology,1
1oadc8n,technology,1
1oacnub,technology,1
1oaaldf,technology,1
1oaadl5,technology,3
1oaa99b,technology,1
1oaa8yl,technology,1
1oaa8ar,technology,4
1oa9xfr,technology,1
1oa9vdi,technology,4
1oa9v9l,technology,1
1oa8wut,technology,1
1oa8s7o,technology,1
1oa8aoa,technology,1
1oa7rvc,technology,1
1oa6u5m,technology,1
1oa6cuz,technology,2
1oa4fl5,technology,1
1oa49us,technology,1
1oa47fm,technology,1
1oa2pbs,technology,1
1oa21nw,technology,1
1o9z0ik,technology,1
1o9y6af,technology,1
1o9y02f,technology,1
1o9xz3d,technology,1
1o9x77l,technology,1
1o9uhdm,technology,3
1o9txuo,technology,1
1o9tso2,technology,1
1o9tjjl,technology,1
1o9q27t,technology,1
1o9o15z,technology,1
1o9mjx4,technology,4
1o9mdjz,technology,1
1o9kfwg,technology,1
1o9k6ir,technology,1
1o9jsim,technology,1
1o9i76k,technology,1
1o9i57v,technology,1
1o9i1b4,technology,3
1o9hi5t,technology,1
1o9gvfb,technology,1
1o9gg18,technology,1
1o9gfrf,technology,0
1o9df5m,technology,1
1o9d5fd,technology,1
1o9cx2k,technology,1
1o9cetw,technology,1
1o9c0tn,technology,1
1o9aj40,technology,1
1o99zax,technology,1
1o99y8r,technology,1
1o97xp6,technology,0
1o96omf,technology,3
1o96ccm,technology,1
1o9689j,technology,1
1o964kd,technology,2
1o95mco,technology,1
1o95a40,technology,4
1o94w50,technology,1
1o947fh,technology,1
1o93tni,technology,0
1o93szn,technology,1
1o93sky,technology,1
1o93lpe,technology,0
1o93bvb,technology,1
1o934m9,technology,1
1o9273q,technology,1
1o91l0u,technology,1
1o917qr,technology,1
1o912bx,technology,0
1o90wzn,technology,1
1o90vcf,technology,1
1o90r87,technology,1
1o90qyj,technology,1
1o90acf,technology,1
1o9098y,technology,1
1o901tc,technology,1
1o90033,technology,2
1o8zp3y,technology,2
1o8z8h3,technology,1
1o8ya8j,technology,1
1o8y47m,technology,0
1o8y0iy,technology,1
1o8xx8w,technology,1
1o8xplg,technology,1
1o8xn5l,technology,3
1o8ws94,technology,1
1o8wpy8,technology,1
1o8wp2j,technology,1
1o8wfqn,technology,1
1o8upcw,technology,1
1o8u94i,technology,1
1o8u755,technology,1
1o8th5s,technology,3
1o8qux0,technology,1
1o8qiha,technology,1
1o8ppoa,technology,1
1o8odd4,technology,1
1o8nigt,technology,2
1o8llfy,technology,1
1o8liq9,technology,1
1o8km1r,technology,1
1o8kgwj,technology,0
1o8jxnk,technology,1
1o8j940,technology,1
1o8ivxw,technology,3
1o8itpa,technology,1
1o8il08,technology,1
1o8i418,technology,1
1o8hy8n,technology,1
1o8hurc,technology,1
1o8gpsr,technology,1
1o8gney,technology,1
1o8gmcb,technology,1
1o8gfx6,technology,1
1o8g7l4,technology,1
1o8fyze,technology,1
1o8feev,technology,1
1o8f7z9,technology,1
1o8ex7p,technology,1
1o8e31s,technology,1
1o8e0s0,technology,1
1o8dg3p,technology,1
1o8d3v2,technology,3
1o8ceb6,technology,1
1o8by9f,technology,0
1o8b3h4,technology,2
1o8agaa,technology,4
1o89xy6,technology,1
1o89egt,technology,0
1o88ybz,technology,3
1o88ts8,technology,1
1o88svq,technology,1
1o88raq,technology,1
1o88nfw,technology,1
1o88csu,technology,2
1o88bkp,technology,1
1o87rwt,technology,1
1o87hr1,technology,1
1o86rxr,technology,1
1o86q8h,technology,0
1o86os3,technology,1
1o86apb,technology,1
1o868ri,technology,1
1o865nu,technology,1
1o85ygs,technology,1
1o85y60,technology,1
1o85v6v,technology,1
1o85pmu,technology,1
1o85lm6,technology,1
1o85azl,technology,3
1o855pr,technology,1
1o84vt1,technology,2
1o83brp,technology,1
1o836n7,technology,0
1o82yqt,technology,1
1o82y4j,technology,4
1o82vg5,technology,1
1o82upa,technology,1
1o82ul1,technology,1
1o82ry1,technology,1
1o82rkx,technology,1
1o82kqy,technology,1
1o82jsx,technology,1
1o81pps,technology,3
1o8192f,technology,1
1o8191k,technology,0
1o814w2,technology,1
1o813oa,technology,1
1o7zlvd,technology,1
1o7y1vd,technology,1
1o7y17r,technology,0
1o7xegu,technology,1
1o7w2gk,technology,2
1o7vb28,technology,1
1o7v2xt,technology,1
1o7u882,technology,1
1o7u1gg,technology,2
1o7tdt6,technology,1
1o7s58f,technology,1
1o7r1pg,technology,0
1o7qy7c,technology,1
1o7qxqa,technology,1
1o7qprx,technology,0
1o7qcz0,technology,1
1o7pchq,technology,1
1o7mre1,technology,0
1o7lgee,technology,4
1o7lgce,technology,1
1o7l3zy,technology,1
1o7kuhs,technology,1
1o7kn6k,technology,0
1o7kbmw,technology,1
1o7jbp4,technology,1
1o7jblx,technology,1
1o7iik4,technology,1
1o7iaua,technology,1
1o7g2vb,technology,1
1o7fs4t,technology,1
1o7f8er,technology,1
1o7e1rg,technology,1
1o7e0ne,technology,1
1o7dc5t,technology,3
1o7ctcx,technology,3
1o7bclp,technology,1
1o7b0kx,technology,3
1o7aqtv,technology,1
1o7anyg,technology,1
1o79la1,technology,1
1o79asr,technology,1
1o796sp,technology,1
1o78li5,technology,1
1o785nz,technology,1
1o785ie,technology,1
1o78332,technology,1
1o781h7,technology,1
1o77sqf,technology,1
1o77hf9,technology,1
1o77625,technology,1
1o75poc,technology,1
1o72xk7,technology,1
1o714nq,technology,1
1o713un,technology,1
1o6zojb,technology,1
1o6zh1g,technology,1
1o6z00w,technology,1
1o6xzyd,technology,1
1o6x4bt,technology,1
1o6we6i,technology,3
1o6vl8x,technology,3
1o6ty9f,technology,1
1o6tp8i,technology,4
1o6t060,technology,1
1o6s25w,technology,1
1o6rluh,technology,1
1o6r74e,technology,1
1o6pzoy,technology,1
1o6ptf3,technology,1
1o6p5k8,technology,1
1o6nedu,technology,2
1o6nabb,technology,1
1o6mrip,technology,2
1o6moi8,technology,1
1o6mcjn,technology,0
1o6lyrs,technology,1
1o6lydw,technology,1
1o6ixe9,technology,1
1o6ifoz,technology,1
1o6i8id,technology,1
1o6hua6,technology,3
1o6hq5c,technology,1
1o6hoxu,technology,1
1o6hkcz,technology,1
1o6h6xf,technology,1
1o6glc6,technology,2
1o6ghug,technology,1
1o6fzku,technology,1
1o6fjda,technology,1
1o6f7io,technology,3
1o6f47m,technology,1
1o6f3n0,technology,1
1o6esqj,technology,1
1o6ejhy,technology,2
1o6ef12,technology,1
1o6ee2m,technology,3
1o6e2t8,technology,1
1o6dw99,technology,1
1o6dume,technology,1
1o6dbe9,technology,0
1o6cwma,technology,3
1o6c2eg,technology,3
1o6b7b3,technology,1
1o690tb,technology,1
1o66bzq,technology,1
1o662h0,technology,1
1o64zx3,technology,0
1o64o31,technology,1
1o64i5w,technology,1
1o6414n,technology,3
1o63lgy,technology,1
1o63kz3,technology,1
1o635m4,technology,1
1o62nli,technology,1
1o62je5,technology,0
1o606dt,technology,0
1o6044d,technology,1
1o5ym6m,technology,1
1o5y9q8,technology,1
1o5wlvj,technology,0
1o5ucyu,technology,1
1o5u2vg,technology,1
1o5sx3j,technology,3
1o5sdm7,technology,3
1o5s9b3,technology,1
1o5s4s7,technology,1
1o5rtmh,technology,1
1o5rmoz,technology,1
1o5rk3t,technology,3
1o5r9v1,technology,1
1o5qt2j,technology,1
1o5qmkp,technology,2
1o5qb0t,technology,1
1o5pyz4,technology,2
1o5px2m,technology,1
1o5pr27,technology,1
1o5p5m0,technology,4
1o5nmz1,technology,1
1o5nfsc,technology,1
1o5n5gb,technology,1
1o5n0ax,technology,3
1o5mfhd,technology,2
1o5mdxf,technology,4
1o5l3ig,technology,0
1o5l1c6,technology,1
1o5k80g,technology,1
1o5jl1d,technology,1
1o5j8n8,technology,1
1o5j3l9,technology,1
1o5iwk0,technology,1
1o5imto,technology,1
1o5i1ak,technology,3
1o5gry4,technology,1
1o5fzfg,technology,1
1o5eyhz,technology,2
1o5dkds,technology,1
1o5c4dk,technology,1
1o5byim,technology,1
1o5bm6b,technology,1
1o5bj9m,technology,3
1o5bdre,technology,0
1o5b4e0,technology,1
1o5b3l4,technology,1
1o5akik,technology,3
1o58y3h,technology,2
1o58loc,technology,1
1o58e2q,technology,1
1o58df0,technology,1
1o58clq,technology,1
1o5698h,technology,1
1o568ug,technology,0
1o545yz,technology,1
1o544ng,technology,1
1o51sga,technology,1
1o5166l,technology,1
1o4z9f4,technology,1
1o4wf0h,technology,1
1o4vixr,technology,1
1o4v6gp,technology,1
1o4u5mu,technology,3
1o4tahe,technology,1
1o4ta69,technology,1
1o4t6o2,technology,1
1o4s3un,technology,1
1o4rvuo,technology,0
1o4rv9r,technology,1
1o4r0gb,technology,1
1o4qyds,technology,1
1o4p5l7,technology,1
1o4p437,technology,1
1o4o6qa,technology,1
1o4ninx,technology,1
1o4mgtm,technology,1
1o4mflb,technology,1
1o4mecn,technology,3
1o4mdmh,technology,1
1o4mbta,technology,0
1o4lcos,technology,3
1o4l8ky,technology,1
1o4l2q3,technology,1
1o4krmj,technology,3
1o4kjn0,technology,1
1o4kf83,technology,1
1o4gyxb,technology,3
1o4gyf2,technology,1
1o4gy5a,technology,1
1o4gxr1,technology,3
1o4fdzh,technology,2
1o4enkv,technology,1
1o4cyrm,technology,1
1o4ccj3,technology,1
1o4c7he,technology,1
1o4c4jt,technology,1
1o4ajou,technology,1
1o45w0v,technology,1
1o45bxa,technology,1
1o4497t,technology,1
1o43xtj,technology,1
1o43q0a,technology,1
1o43mbz,technology,1
1o43929,technology,1
1o42ymh,technology,1
1o42fpd,technology,1
1o40ub6,technology,1
1o3zt0o,technology,1
1o3zo7h,technology,1
1o3z9bq,technology,1
1o3yaix,technology,1
1o3xscj,technology,1
1o3x7i1,technology,1
1o3wxsd,technology,1
1o3wmpd,technology,1
1o3vymk,technology,1
1o3vpoe,technology,1
1o3uv5g,technology,1
1o3t8xb,technology,1
1o3rv95,technology,1
1o3qiok,technology,1
1o3q2e5,technology,1
1o3p3mi,technology,1
1o3n1e7,technology,1
1o3mxm6,technology,0
1o3lvih,technology,1
1o3jrqq,technology,2
1o3i2fj,technology,3
1o3hy62,technology,2
1o3gn2i,technology,1
1o3evjb,technology,1
1o3ea1z,technology,1
1o3e6o3,technology,1
1o3dzqc,technology,1
1o3dqzl,technology,1
1o3dord,technology,3
1o3d66b,technology,1
1o3d0jm,technology,1
1o3cmut,technology,1
1o3ckyz,technology,2
1o3cjb6,technology,1
1o3bl0v,technology,0
1o3bgxo,technology,1
1o3bed6,technology,1
1o39f78,technology,1
1o399ki,technology,1
1o38u8j,technology,1
1o38ky8,technology,1
1o38efx,technology,1
1o37oox,technology,1
1o37ldv,technology,1
1o37fjv,technology,1
1o3765y,technology,1
1o35h50,technology,1
1o357jg,technology,0
1o34pz3,technology,1
1o34pms,technology,1
1o33luu,technology,1
1o32jua,technology,1
1o32hqx,technology,1
1o3226z,technology,1
1o31ytk,technology,1
1o31888,technology,1
1o317n2,technology,1
1o314nq,technology,1
1o30u5q,technology,1
1o30sza,technology,1
1o308mu,technology,3
1o307k9,technology,1
1o303t4,technology,1
1o301k6,technology,1
1o2ztzx,technology,2
1o2zsy1,technology,0
1o2zcin,technology,3
1o2z387,technology,1
1o2yhk5,technology,0
1o2y9dr,technology,1
1o2y980,technology,1
1o2y86j,technology,1
1o2y5db,technology,1
1o2xv2t,technology,1
1o2xl0u,technology,1
1o2xhy3,technology,1
1o2x7kk,technology,1
1o2wwvi,technology,1
1o2wh6o,technology,1
1o2w5b9,technology,1
1o2uvtp,technology,1
1o2uhzh,technology,0
1o2ufmw,technology,1
1o2u4qa,technology,1
1o2te3j,technology,1
1o2t2r7,technology,3
1o2suxm,technology,1
1o2skqt,technology,1
1o2rlxt,technology,1
1o2mkdl,technology,3
1o2malt,technology,1
1o2loiw,technology,1
1o2lb0r,technology,1
1o2l6bm,technology,1
1o2k1rk,technology,1
1o2jcpl,technology,1
1o2j5lo,technology,3
1o2j4ls,technology,1
1o2it8s,technology,1
1o2idls,technology,1
1o2i5ns,technology,1
1o2hzwf,technology,1
1o2hmdo,technology,1
1o2hcxs,technology,1
1o2gv0c,technology,1
1o2g47t,technology,1
1o2fwmm,technology,1
1o2fikj,technology,3
1o2ff6v,technology,1
1o2dzj8,technology,1
1o2dgzq,technology,1
1o2cnim,technology,1
1o2c0ju,technology,1
1o2bmlv,technology,1
1o2av73,technology,2
1o2asdw,technology,2
1o2a8f9,technology,1
1o29v0r,technology,0
1o28mpm,technology,1
1o27xhn,technology,1
1o27lxw,technology,1
1o2797w,technology,1
1o26vcm,technology,2
1o26jny,technology,2
1o26gw9,technology,1
1o260d4,technology,1
1o25qmg,technology,1
1o25nbj,technology,1
1o25l6n,technology,0
1o25ikw,technology,1
1o251a1,technology,3
1o250mm,technology,1
1o250jn,technology,2
1o24qph,technology,3
1o24lgo,technology,2
1o24hdm,technology,1
1o24fc6,technology,1
1o246hy,technology,2
1o23xp2,technology,1
1o23vs5,technology,3
1o23tvu,technology,0
1o23gp8,technology,1
1o233on,technology,1
1o22yj1,technology,1
1o21crw,technology,1
1o1zsh0,technology,1
1o1w1ya,technology,1
1o1vvce,technology,1
1o1u4y3,technology,1
1o1u4mu,technology,1
1o1u47z,technology,1
1o1tj4l,technology,1
1o1svka,technology,0
1o1se6n,technology,1
1o1qv5n,technology,1
1o1qqs9,technology,0
1o1q7s8,technology,1
1o1q2wp,technology,1
1o1pt0b,technology,1
1o1o6hs,technology,1
1o1o5t9,technology,1
1o1nb15,technology,3
1o1mzd4,technology,1
1o1mutk,technology,1
1o1mnfd,technology,1
1o1l3bj,technology,1
1o1l1un,technology,1
1o1k0u8,technology,1
1o1jowc,technology,0
1o1jo0z,technology,1
1o1j984,technology,1
1o1j508,technology,1
1o1j1nc,technology,0
1o1j0d9,technology,1
1o1iw25,technology,1
1o1ireg,technology,1
1o1iqul,technology,1
1o1iopi,technology,1
1o1glr8,technology,1
1o1gbc8,technology,3
1o1fj0e,technology,1
1o1fbr9,technology,1
1o1f963,technology,1
1o1f250,technology,1
1o1eyel,technology,1
1o1dje7,technology,1
1o1d7io,technology,2
1o1chpd,technology,1
1o1cdjh,technology,1
1o1bkbg,technology,1
1o1b0dh,technology,1
1o1al1f,technology,1
1o1a2ty,technology,0
1o19nhw,technology,1
1o19hfc,technology,4
1o19a6e,technology,1
1o1966n,technology,1
1o195kb,technology,0
1o18qbo,technology,1
1o18nkd,technology,4
1o18jek,technology,1
1o186kz,technology,2
1o183lp,technology,1
1o181yj,technology,1
1o1815n,technology,1
1o170cs,technology,1
1o16xm5,technology,1
1o16n63,technology,1
1o15enx,technology,1
1o1580s,technology,1
1o1570p,technology,1
1o15688,technology,1
1o151kz,technology,3
1o14jxk,technology,1
1o13kp2,technology,0
1o13ihf,technology,1
1o13bci,technology,2
1o13av7,technology,0
1o10w20,technology,1
1o100uc,technology,1
1o0z1m5,technology,1
1o0y2tz,technology,1
1o0w37b,technology,1
1o0tzkh,technology,1
1o0tblj,technology,1
1o0sbux,technology,1
1o0s3kd,technology,3
1o0r5dt,technology,1
1o0qbo1,technology,3
1o0pavq,technology,1
1o0oqty,technology,0
1o0o9k2,technology,1
1o0nnq2,technology,1
1o0nhao,technology,1
1o0na6c,technology,1
1o0n2m6,technology,1
1o0m2xh,technology,1
1o0l52y,technology,1
1o0klkv,technology,1
1o0j7ag,technology,1
1o0j6tc,technology,1
1o0j5a0,technology,1
1o0i1q9,technology,1
1o0hzgz,technology,3
1o0hscn,technology,3
1o0h3g9,technology,1
1o0fmaj,technology,1
1o0flq1,technology,1
1o0fkjn,technology,1
1o0fkee,technology,1
1o0fbu6,technology,3
1o0f94v,technology,0
1o0ehci,technology,1
1o0e5p7,technology,1
1o0e0zc,technology,1
1o0dzrg,technology,1
1o0dynp,technology,1
1o0duow,technology,0
1o0ds3z,technology,1
1o0dqxj,technology,1
1o0d0cn,technology,1
1o0cxxf,technology,1
1o0cro0,technology,1
1o0cf8m,technology,1
1o0bjvu,technology,3
1o0bemo,technology,1
1o0b5lj,technology,1
1o0akvi,technology,1
1o09s6p,technology,1
1o09mjo,technology,1
1o09lmq,technology,1
1o09ki3,technology,0
1o09ds3,technology,3
1o08job,technology,1
1o07ph2,technology,1
1o063nn,technology,0
1o04u84,technology,1
1o03sr5,technology,1
1o03huc,technology,1
1o02q53,technology,1
1o01pjt,technology,1
1o01ij0,technology,1
1o012uf,technology,1
1o008bw,technology,1
1nzz9e9,technology,1
1nzy0h3,technology,1
1nzxypf,technology,1
1nzw7sg,technology,1
1nzvnuv,technology,0
1nzvm3e,technology,1
1nzufc4,technology,1
1nzu1sd,technology,3
1nztumt,technology,1
1nzsucl,technology,1
1nzshq8,technology,1
1nzsbi8,technology,1
1nzs7zh,technology,1
1nzqrwj,technology,1
1nzqp3y,technology,1
1nzqlsk,technology,1
1nzqau7,technology,1
1nzq1ur,technology,0
1nzq11q,technology,1
1nzpxxb,technology,0
1nzpnin,technology,1
1nzpiwg,technology,1
1nzpiw1,technology,1
1nzpbe7,technology,3
1nzolsr,technology,1
1nzojqz,technology,1
1nznqcw,technology,2
1nznieu,technology,1
1nzm5nt,technology,1
1nzlwjw,technology,1
1nzlkmr,technology,1
1nzldgr,technology,1
1nzkc2b,technology,1
1nzk6td,technology,1
1nzk00t,technology,1
1nzjrgs,technology,1
1nzjo01,technology,1
1nzjko7,technology,1
1nzjk6x,technology,1
1nzjjff,technology,1
1nzjgm9,technology,1
1nzj8ea,technology,1
1nzhycb,technology,1
1nzhrlh,technology,1
1nzg68y,technology,1
1nzfs9b,technology,1
1nzfb48,technology,0
1nzecvo,technology,1
1nzavmm,technology,1
1nzav1k,technology,1
1nz7ygb,technology,1
1nz6kj4,technology,1
1nz3o1e,technology,1
1nz29ek,technology,1
1nz20c6,technology,1
1nz1nml,technology,1
1nz17oh,technology,1
1nz0yse,technology,1
1nyytn7,technology,1
1nyyd8p,technology,1
1nywsa0,technology,1
1nytega,technology,1
1nyt06w,technology,1
1nyqvut,technology,1
1nyqaz5,technology,2
1nyq8gg,technology,1
1nypn3g,technology,1
1nyp7dp,technology,3
1nyoj3k,technology,1
1nyo1q4,technology,0
1nynopp,technology,1
1nyn4ht,technology,1
1nym6l3,technology,1
1nym5ww,technology,1
1nyl6te,technology,1
1nyjpol,technology,1
1nyjpa9,technology,1
1nyjhug,technology,3
1nyj7fy,technology,1
1nygybq,technology,1
1nyg6sh,technology,1
1nydy5c,technology,1
1nydx2o,technology,1
1nydwgg,technology,1
1nydvew,technology,1
1nycx28,technology,1
1nyblcw,technology,3
1nyb51u,technology,1
1nyasts,technology,1
1nya65v,technology,1
1ny9iuz,technology,4
1ny829x,technology,0
1ny816y,technology,1
1ny6qje,technology,0
1ny5oqp,technology,0
1ny4kmx,technology,1
1ny446s,technology,1
1ny3who,technology,1
1ny2o3n,technology,1
1ny18pw,technology,1
1ny0xpg,technology,2
1ny0tds,technology,1
1nxzz6g,technology,1
1nxzyaj,technology,3
1nxzhpz,technology,3
1nxzbpq,technology,1
1nxyn3l,technology,1
1nxwkpj,technology,1
1nxwiho,technology,1
1nxwhn8,technology,1
1nxw44i,technology,1
1nxval3,technology,1
1nxvagb,technology,1
1nxuf4q,technology,3
1nxrvdt,technology,1
1nxru76,technology,1
1nxqy0e,technology,1
1nxq0qs,technology,0
1nxpvz5,technology,1
1nxppa4,technology,1
1nxpi2w,technology,1
1nxldvw,technology,1
1nxjw0x,technology,1
1nxg8x6,technology,1
1nxfkuy,technology,1
1nxepws,technology,1
1nxecg1,technology,1
1nxe68i,technology,4
1nxe0b2,technology,3
1nxb3bm,technology,1
1nxavik,technology,1
1nxavhy,technology,1
1nxarhf,technology,1
1nx9z53,technology,0
1nx9jn7,technology,1
1nx8yld,technology,0
1nx7gki,technology,1
1nx7gaf,technology,1
1nx6z1s,technology,1
1nx6im1,technology,3
1nx63gf,technology,2
1nx583c,technology,0
1nx4s3m,technology,3
1nx4oue,technology,1
1nx4k1w,technology,1
1nx4dqc,technology,1
1nx3k4o,technology,1
1nx2kzb,technology,1
1nx23g7,technology,4
1nx22xt,technology,1
1nx21wy,technology,1
1nx1lyy,technology,1
1nx1bsy,technology,2
1nx18ou,technology,1
1nx12zz,technology,1
1nx11yh,technology,1
1nx0iu1,technology,1
1nx0gok,technology,1
1nx0g14,technology,1
1nx0e79,technology,3
1nwzyfr,technology,3
1nwzxgf,technology,1
1nwzufw,technology,1
1nwzn6o,technology,1
1nwyzfy,technology,1
1nwyoym,technology,1
1nwxudr,technology,1
1nwxcos,technology,1
1nww7e4,technology,1
1nwvs0h,technology,1
1nwv5p5,technology,1
1nwtqic,technology,3
1nwtq6l,technology,1
1nwskj0,technology,1
1nwsjbt,technology,1
1nwsiob,technology,1
1nws5cb,technology,1
1nws4iy,technology,1
1nwrucn,technology,0
1nwqpvy,technology,1
1nwo78e,technology,1
1nwnjvf,technology,3
1nwnj5i,technology,1
1nwnbsj,technology,1
1nwn25w,technology,1
1nwmxmm,technology,1
1nwmqe8,technology,1
1nwlydo,technology,1
1nwls0s,technology,1
1nwlkhs,technology,1
1nwkodr,technology,3
1nwkm3a,technology,1
1nwkcpd,technology,1
1nwju2f,technology,1
1nwjqy6,technology,0
1nwikhu,technology,1
1nwiety,technology,4
1nwhq70,technology,1
1nwfr0m,technology,1
1nwfjel,technology,1
1nwfce5,technology,1
1nwf109,technology,2
1nwet6u,technology,2
1nwefpa,technology,3
1nwe84z,technology,1
1nwe446,technology,4
1nwdf6m,technology,1
1nwd3d2,technology,1
1nwc5nz,technology,1
1nwc14q,technology,1
1nwbldl,technology,1
1nwb7d7,technology,1
1nw9ph6,technology,1
1nw8ewm,technology,3
1nw81j0,technology,1
1nw7yev,technology,1
1nw7wpx,technology,1
1nw7qf6,technology,1
1nw7pzl,technology,1
1nw799x,technology,1
1nw6g32,technology,1
1nw65i9,technology,0
1nw5zzv,technology,1
1nw5xqk,technology,1
1nw4z9u,technology,1
1nw4gnc,technology,1
1nw3czh,technology,1
1nw2xmj,technology,1
1nw2wq6,technology,1
1nw2j90,technology,1
1nw26fs,technology,2
1nw21d6,technology,1
1nw1ros,technology,1
1nw083v,technology,1
1nvyz6l,technology,1
1nvxyj1,technology,1
1nvwakw,technology,2
1nvw9g2,technology,3
1nvvnbz,technology,1
1nvtvm6,technology,3
1nvtben,technology,1
1nvsdyg,technology,3
1nvrsye,technology,1
1nvrp3l,technology,1
1nvpq0g,technology,1
1nvp4x0,technology,1
1nvp01p,technology,1
1nvo9rg,technology,1
1nvnplj,technology,1
1nvnowi,technology,1
1nvnlno,technology,1
1nvksht,technology,0
1nvkrxq,technology,1
1nvkowq,technology,3
1nvkhsw,technology,1
1nvk3sj,technology,1
1nvk02f,technology,4
1nvix13,technology,2
1nvi6n7,technology,0
1nvhewd,technology,1
1nvgy8w,technology,1
1nvghzn,technology,1
1nvgg8i,technology,1
1nvgbhj,technology,1
1nvetbh,technology,1
1nvdd1a,technology,1
1nvbxjp,technology,3
1nvbuy4,technology,0
1nvbf52,technology,1
1nvbaws,technology,1
1nvb6sk,technology,4
1nvaxwy,technology,1
1nv9zmw,technology,1
1nv9nwe,technology,1
1nv9ljk,technology,1
1nv9gbk,technology,1
1nv9cm9,technology,1
1nv9bse,technology,1
1nv9atd,technology,0
1nv8mg3,technology,1
1nv7zwx,technology,1
1nv7rcw,technology,3
1nv7ocv,technology,1
1nv7aar,technology,1
1nv7906,technology,1
1nv5sfz,technology,1
1nv5q62,technology,0
1nv5a3p,technology,3
1nv5973,technology,1
1nv58ca,technology,1
1nv52go,technology,1
1nv3xxw,technology,1
1nv3ay2,technology,1
1nv39i9,technology,1
1nv38ha,technology,1
1nv37x4,technology,1
1nv2tg5,technology,1
1nuyi8v,technology,3
1nuyfh7,technology,0
1nuxcyj,technology,1
1nuwhf7,technology,1
1nuvuwc,technology,1
1nuvd37,technology,1
1nuucse,technology,1
1nuu5sr,technology,1
1nuttfn,technology,1
1nutsxq,technology,3
1nutd2p,technology,1
